{
  "model_architecture": {
    "model_name": "LeadAwareResNet1D",
    "architecture": {
      "base_channels": 48,
      "depths": [
        3,
        6,
        12,
        4
      ],
      "kernel_size": 7,
      "dropout": 0.3,
      "num_leads": 3,
      "num_classes": 23
    },
    "model_parameters": {
      "total": 60158334,
      "trainable": 60158334
    }
  },
  "training_configuration": {
    "training": {
      "num_epochs": 40,
      "batch_size": 512,
      "effective_batch_size": 1024,
      "accumulation_steps": 2,
      "learning_rate": 0.001,
      "max_lr": 0.001,
      "weight_decay": 0.0002,
      "label_smoothing": 0.05,
      "use_mixup": false,
      "mixup_alpha": 0,
      "gradient_clip_norm": 1.0
    },
    "optimizer": {
      "name": "AdamW",
      "weight_decay": 0.0002
    },
    "scheduler": {
      "name": "WarmupCosine",
      "warmup_epochs": 40,
      "peak_lr": 0.001,
      "min_lr": 1e-06
    },
    "data": {
      "target_fs": 500,
      "lowcut": 0.5,
      "highcut": 40.0,
      "win_len": 3750,
      "overlap": 2500,
      "use_augmentation": false,
      "augmentation_copies": 0,
      "augmentation_mode": "none"
    },
    "hardware": {
      "num_gpus": 1,
      "gpu_name": "NVIDIA B200",
      "num_workers": 12,
      "prefetch_factor": 6
    },
    "early_stopping": {
      "patience": 40,
      "min_delta": 0.0001
    }
  },
  "test_results": {
    "accuracy": 0.8188405797101449,
    "f1_macro": 0.6049445539336223,
    "f1_micro": 0.8188405797101449,
    "roc_auc_macro": null,
    "pr_auc_macro": null
  },
  "per_class_metrics": {
    "class_names": [
      "AF",
      "AFL",
      "Brady/Escape",
      "Chamber/axis abnormality",
      "Fascicular block",
      "IVCD-other",
      "LBBB",
      "LVH",
      "NSR",
      "PR",
      "PSVT",
      "PVT",
      "RBBB",
      "RVH",
      "SA",
      "SB",
      "STach",
      "SVPB/PAC",
      "SVT",
      "VBig",
      "VEB",
      "VF",
      "VTach"
    ],
    "precision": [
      0.6048064085447263,
      0.6794326241134752,
      0.0,
      1.0,
      0.0,
      0.9014084507042254,
      0.7344632768361582,
      0.971830985915493,
      0.7892293407613742,
      0.48514851485148514,
      0.6940298507462687,
      0.8968386023294509,
      0.8527214514407684,
      0.0,
      0.65625,
      0.9132775119617225,
      0.9052059052059052,
      0.5225225225225225,
      0.7567567567567568,
      1.0,
      0.9349871685201027,
      0.7402597402597403,
      0.6875
    ],
    "recall": [
      0.6751117734724292,
      0.6352785145888594,
      0.0,
      0.027777777777777776,
      0.0,
      0.6808510638297872,
      0.6989247311827957,
      0.19602272727272727,
      0.9323583180987203,
      0.7424242424242424,
      0.8378378378378378,
      0.98,
      0.8490967056323061,
      0.0,
      0.4581818181818182,
      0.934516523867809,
      0.9494702526487367,
      0.4344569288389513,
      0.8316831683168316,
      0.8513513513513513,
      0.8084319526627219,
      0.9193548387096774,
      0.38596491228070173
    ],
    "f1": [
      0.6380281690140845,
      0.656614119259767,
      0.0,
      0.05405405405405406,
      0.0,
      0.7757575757575758,
      0.7162534435261708,
      0.3262411347517731,
      0.8548441166610794,
      0.5868263473053892,
      0.7591836734693878,
      0.9365768896611643,
      0.8509052183173589,
      0.0,
      0.5396145610278372,
      0.9237749546279492,
      0.9268098647573588,
      0.47443762781186094,
      0.7924528301886793,
      0.9197080291970803,
      0.8671162237207457,
      0.8201438848920863,
      0.4943820224719101
    ],
    "support": [
      671,
      754,
      15,
      36,
      16,
      94,
      186,
      352,
      2735,
      66,
      111,
      550,
      941,
      6,
      275,
      1634,
      1227,
      267,
      101,
      222,
      1352,
      62,
      57
    ]
  },
  "confusion_matrix": [
    [
      453,
      171,
      0,
      0,
      0,
      0,
      0,
      0,
      7,
      2,
      0,
      1,
      12,
      0,
      1,
      0,
      9,
      10,
      0,
      0,
      5,
      0,
      0
    ],
    [
      210,
      479,
      0,
      0,
      0,
      0,
      8,
      0,
      3,
      28,
      0,
      0,
      11,
      0,
      0,
      1,
      6,
      2,
      5,
      0,
      1,
      0,
      0
    ],
    [
      0,
      2,
      0,
      0,
      0,
      0,
      0,
      0,
      0,
      0,
      0,
      0,
      1,
      0,
      0,
      3,
      0,
      0,
      0,
      0,
      5,
      4,
      0
    ],
    [
      1,
      0,
      0,
      1,
      0,
      0,
      0,
      0,
      11,
      0,
      0,
      0,
      9,
      0,
      2,
      9,
      1,
      2,
      0,
      0,
      0,
      0,
      0
    ],
    [
      0,
      0,
      0,
      0,
      0,
      0,
      0,
      0,
      9,
      2,
      0,
      0,
      2,
      0,
      0,
      0,
      1,
      1,
      1,
      0,
      0,
      0,
      0
    ],
    [
      2,
      2,
      0,
      0,
      0,
      64,
      12,
      0,
      6,
      0,
      0,
      0,
      7,
      0,
      0,
      0,
      0,
      1,
      0,
      0,
      0,
      0,
      0
    ],
    [
      7,
      7,
      0,
      0,
      0,
      5,
      130,
      0,
      18,
      3,
      0,
      2,
      2,
      0,
      0,
      2,
      4,
      3,
      0,
      0,
      2,
      0,
      1
    ],
    [
      1,
      2,
      0,
      0,
      0,
      0,
      3,
      69,
      230,
      0,
      0,
      0,
      7,
      0,
      2,
      18,
      4,
      11,
      0,
      0,
      3,
      2,
      0
    ],
    [
      35,
      2,
      0,
      0,
      0,
      1,
      7,
      1,
      2550,
      1,
      0,
      0,
      31,
      0,
      27,
      25,
      30,
      16,
      0,
      0,
      4,
      5,
      0
    ],
    [
      1,
      1,
      0,
      0,
      0,
      0,
      2,
      0,
      7,
      49,
      0,
      0,
      0,
      0,
      1,
      3,
      0,
      0,
      0,
      0,
      1,
      1,
      0
    ],
    [
      0,
      1,
      0,
      0,
      0,
      0,
      0,
      0,
      0,
      0,
      93,
      17,
      0,
      0,
      0,
      0,
      0,
      0,
      0,
      0,
      0,
      0,
      0
    ],
    [
      0,
      2,
      0,
      0,
      0,
      0,
      0,
      0,
      0,
      1,
      0,
      539,
      1,
      0,
      0,
      0,
      2,
      0,
      1,
      0,
      3,
      1,
      0
    ],
    [
      25,
      6,
      0,
      0,
      0,
      1,
      2,
      0,
      73,
      2,
      0,
      3,
      799,
      0,
      2,
      12,
      7,
      3,
      0,
      0,
      5,
      0,
      1
    ],
    [
      0,
      0,
      0,
      0,
      0,
      0,
      0,
      0,
      2,
      0,
      0,
      0,
      1,
      0,
      0,
      1,
      0,
      2,
      0,
      0,
      0,
      0,
      0
    ],
    [
      0,
      4,
      0,
      0,
      0,
      0,
      1,
      0,
      69,
      3,
      0,
      0,
      4,
      0,
      126,
      55,
      1,
      11,
      0,
      0,
      1,
      0,
      0
    ],
    [
      1,
      0,
      0,
      0,
      0,
      0,
      2,
      0,
      50,
      4,
      0,
      1,
      7,
      0,
      22,
      1527,
      0,
      12,
      0,
      0,
      6,
      2,
      0
    ],
    [
      3,
      14,
      0,
      0,
      0,
      0,
      4,
      0,
      8,
      0,
      0,
      2,
      14,
      0,
      1,
      0,
      1165,
      4,
      7,
      0,
      5,
      0,
      0
    ],
    [
      1,
      3,
      0,
      0,
      0,
      0,
      1,
      0,
      96,
      0,
      0,
      0,
      11,
      0,
      6,
      9,
      12,
      116,
      0,
      0,
      12,
      0,
      0
    ],
    [
      4,
      5,
      0,
      0,
